,soundname,nsyll,npause,dur(s),phonationtime(s),speechrate(nsyll / dur),articulation rate(nsyll / phonationtime),ASD(speakingtime / nsyll)
0,sounds\holamesa.wav,3,1,1.6370068027210884,1.6370068027210884,1.8326130319148937,3.0659065628476085,0.32616780045351473
1,sounds\lecturaproblema.wav,88,4,20.8840589569161,20.8840589569161,4.213740259091605,5.670103092783506,0.17636363636363633
2,sounds\mensaje.wav,22,5,9.218321995464853,9.218321995464853,2.3865514798488663,6.1936936936936915,0.16145454545454552
3,sounds\pangrama.wav,22,3,7.677709750566893,7.677709750566893,2.8654378342936973,4.9638989169675085,0.20145454545454547
4,sounds\pulp-fiction.wav,190,13,51.52181405895691,51.52181405895691,3.6877583499404962,4.422625431758875,0.226110036997255
